 <playercorefactory>
 <players>
    <player name="save video url" type="ExternalPlayer" audio="false" video="true">
         <filename>C:\Windows\System32\cmd.exe</filename>
         <args>/c %USERPROFILE%\AppData\Local\Programs\Python\Python36-32\python -E C:\pilfer\system\bin\rip-url "{0}"</args>
    <hidexbmc>false</hidexbmc>
    </player>
   <player name="play" type="ExternalPlayer" audio="false" video="true">
	<filename>C:\Windows\System32\cmd.exe</filename>
     <args>/c start /B %USERPROFILE%\AppData\Local\Programs\Python\Python36-32\python -E %USERPROFILE%\AppData\Roaming\Python\Python36\Scripts\pilferplay-script.py -i "{0}"</args>
     <hidexbmc>false</hidexbmc>
   </player> 
   <player name="record" type="ExternalPlayer" audio="false" video="true">
	<filename>C:\Windows\System32\cmd.exe</filename>
     <args>/c start /B %USERPROFILE%\AppData\Local\Programs\Python\Python36-32\python -E %USERPROFILE%\AppData\Roaming\Python\Python36\Scripts\pilfer-script.py -i "{0}"</args>
     <hidexbmc>false</hidexbmc>
   </player> 
   <player name="record 30 minutes" type="ExternalPlayer" audio="false" video="true">
	<filename>C:\Windows\System32\cmd.exe</filename>
     <args>/c start /B %USERPROFILE%\AppData\Local\Programs\Python\Python36-32\python -E %USERPROFILE%\AppData\Roaming\Python\Python36\Scripts\pilfer-script.py -i "{0}" -t 00:30:00</args>
     <hidexbmc>false</hidexbmc>
   </player>
   <player name="record 1 hour" type="ExternalPlayer" audio="false" video="true">
	<filename>C:\Windows\System32\cmd.exe</filename>
     <args>/c start /B %USERPROFILE%\AppData\Local\Programs\Python\Python36-32\python -E %USERPROFILE%\AppData\Roaming\Python\Python36\Scripts\pilfer-script.py -i "{0}" -t 01:00:00</args>
     <hidexbmc>false</hidexbmc>
   </player>
   <player name="record 2 hours" type="ExternalPlayer" audio="false" video="true">
	<filename>C:\Windows\System32\cmd.exe</filename>
     <args>/c start /B %USERPROFILE%\AppData\Local\Programs\Python\Python36-32\python -E %USERPROFILE%\AppData\Roaming\Python\Python36\Scripts\pilfer-script.py -i "{0}" -t 02:00:00</args>
     <hidexbmc>false</hidexbmc>
   </player>
   <player name="record 3 hours" type="ExternalPlayer" audio="false" video="true">
	<filename>C:\Windows\System32\cmd.exe</filename>
     <args>/c start /B %USERPROFILE%\AppData\Local\Programs\Python\Python36-32\python -E %USERPROFILE%\AppData\Roaming\Python\Python36\Scripts\pilfer-script.py -i "{0}" -t 03:00:00</args>
     <hidexbmc>false</hidexbmc>
   </player>
 </players>
 <rules action="overwrite">
   <rule protocols="nfs|smb" player="dvdplayer"></rule>
   <!-- change the default player below -->
   
   <!-- uncomment to make play the default player
    <rule video="true" player="play"></rule>
   -->

   <!-- uncomment to make record the default player
    <rule video="true" player="record"></rule>
   -->

 </rules>
</playercorefactory>
